{"cameraMode":{"drawMode":0,"name":"Shaded","section":"Shading Mode"},"sceneLighting":true,"audioPlay":false,"sceneViewState":{"m_AlwaysRefresh":false,"showFog":true,"showSkybox":true,"showFlares":true,"showImageEffects":true,"showParticleSystems":true,"showVisualEffectGraphs":true,"m_FxEnabled":true},"in2DMode":false,"pivot":{"x":-8.581342697143555,"y":9.169270515441895,"z":20.385467529296876},"rotation":{"x":-0.13909484446048737,"y":0.49444419145584109,"z":-0.08050299435853958,"w":-0.8542336225509644},"size":27.637842178344728,"orthographic":false}